<?xml version="1.0" encoding="utf-8" ?>
<dwsync>
<file name="._.DS_Store" server="ftp.inscricoespvc2013.com.br" local="130113131400000000" remote="130113131400000000" />
<file name="._bootstrap-responsive.css" server="ftp.inscricoespvc2013.com.br" local="130113131400000000" remote="130113131400000000" />
<file name="._bootstrap-responsive.min.css" server="ftp.inscricoespvc2013.com.br" local="130113131400000000" remote="130113131400000000" />
<file name="._bootstrap.min.css" server="ftp.inscricoespvc2013.com.br" local="130113131400000000" remote="130113131400000000" />
<file name="bootstrap-responsive.css" server="ftp.inscricoespvc2013.com.br" local="130113131400000000" remote="130118270400000000" />
<file name="bootstrap-responsive.min.css" server="ftp.inscricoespvc2013.com.br" local="130113131400000000" remote="130113131400000000" />
<file name="bootstrap.css" server="ftp.inscricoespvc2013.com.br" local="130113894000000000" remote="130113894000000000" />
<file name="bootstrap.min.css" server="ftp.inscricoespvc2013.com.br" local="130113131400000000" remote="130113131400000000" />
</dwsync>