<?xml version="1.0" encoding="utf-8" ?>
<dwsync>
<file name="de.php" server="ftp.inscricoespvc2013.com.br" local="129029010140000000" remote="130257211200000000" />
<file name="dictionary.txt" server="ftp.inscricoespvc2013.com.br" local="128857855040000000" remote="130257211200000000" />
<file name="en.php" server="ftp.inscricoespvc2013.com.br" local="129029020040000000" remote="130257211200000000" />
<file name="es.php" server="ftp.inscricoespvc2013.com.br" local="129029009180000000" remote="130257211200000000" />
<file name="fi.php" server="ftp.inscricoespvc2013.com.br" local="129029008620000000" remote="130257211200000000" />
<file name="fr.php" server="ftp.inscricoespvc2013.com.br" local="129029019820000000" remote="130257211200000000" />
<file name="it.php" server="ftp.inscricoespvc2013.com.br" local="129029020160000000" remote="130257211200000000" />
<file name="nl.php" server="ftp.inscricoespvc2013.com.br" local="129029020480000000" remote="130257211200000000" />
<file name="NOTES.txt" server="ftp.inscricoespvc2013.com.br" local="128857444780000000" remote="130257211200000000" />
<file name="pl.php" server="ftp.inscricoespvc2013.com.br" local="129029020900000000" remote="130257211200000000" />
<file name="ru.php" server="ftp.inscricoespvc2013.com.br" local="129029021780000000" remote="130257211200000000" />
<file name="sv.php" server="ftp.inscricoespvc2013.com.br" local="129029022500000000" remote="130257211200000000" />
</dwsync>