<?xml version="1.0" encoding="utf-8" ?>
<dwsync>
<file name="__ficha-inscricao.php" server="ftp.inscricoespvc2013.com.br" local="130113133200000000" remote="130113133200000000" />
<file name="_ficha-inscricao.php" server="ftp.inscricoespvc2013.com.br" local="130113133200000000" remote="130113133200000000" />
<file name="_functions.php" server="ftp.inscricoespvc2013.com.br" local="130113133200000000" remote="130113133200000000" />
<file name="_lista-inscritos.php" server="ftp.inscricoespvc2013.com.br" local="130113133200000000" remote="130113133200000000" />
<file name="acesso.php" server="ftp.inscricoespvc2013.com.br" local="130114069200000000" remote="130114069200000000" />
<file name="ajax-trabalho-status.php" server="ftp.inscricoespvc2013.com.br" local="130113133200000000" remote="130113133200000000" />
<file name="ajax-usuario.php" server="ftp.inscricoespvc2013.com.br" local="130113133200000000" remote="130113133200000000" />
<file name="cadastro-usuarios.php" server="ftp.inscricoespvc2013.com.br" local="130113133200000000" remote="130252146000000000" />
<file name="config.php" server="ftp.inscricoespvc2013.com.br" local="130113133200000000" remote="130113133200000000" />
<file name="editar-inscritos.php" server="ftp.inscricoespvc2013.com.br" local="130174422698281250" remote="130175290200000000" />
<file name="ficha-inscricao.php" server="ftp.inscricoespvc2013.com.br" local="130119943146250000" remote="130119951600000000" />
<file name="footer.php" server="ftp.inscricoespvc2013.com.br" local="130113133200000000" remote="130113133200000000" />
<file name="functions.php" server="ftp.inscricoespvc2013.com.br" local="130113133200000000" remote="130113133200000000" />
<file name="gerar-planilha.php" server="ftp.inscricoespvc2013.com.br" local="130114223400000000" remote="130114223400000000" />
<file name="header.php" server="ftp.inscricoespvc2013.com.br" local="130113133200000000" remote="130113133200000000" />
<file name="index.php" server="ftp.inscricoespvc2013.com.br" local="130113133200000000" remote="130113133200000000" />
<file name="lista-inscritos.php" server="ftp.inscricoespvc2013.com.br" local="130252124765625000" remote="130252125600000000" />
<file name="lista-usuarios.php" server="ftp.inscricoespvc2013.com.br" local="130252124547812500" remote="130252125000000000" />
<file name="relatorios.php" server="ftp.inscricoespvc2013.com.br" local="130252125114062500" remote="130252125600000000" />
<file name="submenu.php" server="ftp.inscricoespvc2013.com.br" local="130252117620937500" remote="130252117800000000" />
<file name="ver-desativados.php" server="ftp.inscricoespvc2013.com.br" local="130113133200000000" remote="130113133200000000" />
<file name="ver-nao-finalizados.php" server="ftp.inscricoespvc2013.com.br" local="130137296960937500" remote="130137300000000000" />
<file name="ver-status.php" server="ftp.inscricoespvc2013.com.br" local="130113133200000000" remote="130113133200000000" />
<file name="downloadprojeto.php" server="ftp.inscricoespvc2013.com.br" local="130136569551562500" remote="130136572800000000" />
<file name="lista-certificados.php" server="ftp.inscricoespvc2013.com.br" local="130252838858281250" remote="130252867200000000" />
</dwsync>