<?xml version="1.0" encoding="utf-8" ?>
<dwsync>
<file name=".DS_Store" server="ftp.inscricoespvc2013.com.br" local="130113133200000000" remote="130113133200000000" />
<file name="._.DS_Store" server="ftp.inscricoespvc2013.com.br" local="130113133200000000" remote="130113133200000000" />
<file name="._bootstrap-dropdown.js" server="ftp.inscricoespvc2013.com.br" local="130113133200000000" remote="130113133200000000" />
<file name="._bootstrap-tab.js" server="ftp.inscricoespvc2013.com.br" local="130113133200000000" remote="130113133200000000" />
<file name="._bootstrap.js" server="ftp.inscricoespvc2013.com.br" local="130113133200000000" remote="130113133200000000" />
<file name="._bootstrap.min.js" server="ftp.inscricoespvc2013.com.br" local="130113133200000000" remote="130113133200000000" />
<file name="._simpletabs_1.1.js" server="ftp.inscricoespvc2013.com.br" local="130113133200000000" remote="130113133200000000" />
<file name="bootstrap-dropdown.js" server="ftp.inscricoespvc2013.com.br" local="130113133200000000" remote="130113133200000000" />
<file name="bootstrap-tab.js" server="ftp.inscricoespvc2013.com.br" local="130113133200000000" remote="130113133200000000" />
<file name="bootstrap.js" server="ftp.inscricoespvc2013.com.br" local="130113133200000000" remote="130113133200000000" />
<file name="bootstrap.min.js" server="ftp.inscricoespvc2013.com.br" local="130113133200000000" remote="130113133200000000" />
<file name="simpletabs_1.1.js" server="ftp.inscricoespvc2013.com.br" local="130113133200000000" remote="130113133200000000" />
</dwsync>