<?xml version="1.0" encoding="utf-8" ?>
<dwsync>
<file name="config.xml" server="ftp.inscricoespvc2013.com.br" local="130121470002187500" remote="130121473200000000" />
<file name="dao.class.php" server="ftp.inscricoespvc2013.com.br" local="130120641071406250" remote="130120644000000000" />
<file name="daoDadosAcademicos.class.php" server="ftp.inscricoespvc2013.com.br" local="130113131400000000" remote="130113131400000000" />
<file name="daoDadosCadastrais.class.php" server="ftp.inscricoespvc2013.com.br" local="130113131400000000" remote="130113131400000000" />
<file name="daoDadosGestor.class.php" server="ftp.inscricoespvc2013.com.br" local="130113131400000000" remote="130113131400000000" />
<file name="daoDadosProfessor.class.php" server="ftp.inscricoespvc2013.com.br" local="130113131400000000" remote="130113131400000000" />
<file name="daoDadosProfissionais.class.php" server="ftp.inscricoespvc2013.com.br" local="130113131400000000" remote="130113131400000000" />
<file name="daoDadosTrabalho.class.php" server="ftp.inscricoespvc2013.com.br" local="130113131400000000" remote="130113131400000000" />
<file name="daoInscrito.class.php" server="ftp.inscricoespvc2013.com.br" local="130275438880625000" remote="130275439200000000" />
<file name="daoStatus.class.php" server="ftp.inscricoespvc2013.com.br" local="130113131400000000" remote="130113131400000000" />
<file name="daoUsuario.class.php" server="ftp.inscricoespvc2013.com.br" local="130113131400000000" remote="130113131400000000" />
</dwsync>