<?xml version="1.0" encoding="utf-8" ?>
<dwsync>
<file name="+Logo-todos-educacao.jpg" server="ftp.inscricoespvc2013.com.br" local="130113131400000000" remote="130113131400000000" />
<file name="._bg-body.jpg" server="ftp.inscricoespvc2013.com.br" local="130113131400000000" remote="130113131400000000" />
<file name="._bg-top.jpg" server="ftp.inscricoespvc2013.com.br" local="130113131400000000" remote="130113131400000000" />
<file name="._bg-top_02.jpg" server="ftp.inscricoespvc2013.com.br" local="130113131400000000" remote="130113131400000000" />
<file name="._footer.jpg" server="ftp.inscricoespvc2013.com.br" local="130113131400000000" remote="130113131400000000" />
<file name="._glyphicons-halflings-white.png" server="ftp.inscricoespvc2013.com.br" local="130113131400000000" remote="130113131400000000" />
<file name="._glyphicons-halflings.png" server="ftp.inscricoespvc2013.com.br" local="130113131400000000" remote="130113131400000000" />
<file name="._patrocinio.jpg" server="ftp.inscricoespvc2013.com.br" local="130113131400000000" remote="130113131400000000" />
<file name="Logo-todos-educacao.jpg" server="ftp.inscricoespvc2013.com.br" local="130118338800000000" remote="130118338800000000" />
<file name="_Logo-todos-educacao.jpg" server="ftp.inscricoespvc2013.com.br" local="130114867200000000" remote="130114867200000000" />
<file name="bg-body.jpg" server="ftp.inscricoespvc2013.com.br" local="130113853200000000" remote="130118232000000000" />
<file name="bg-top.jpg" server="ftp.inscricoespvc2013.com.br" local="130113848400000000" remote="130118232000000000" />
<file name="bg-top_02.jpg" server="ftp.inscricoespvc2013.com.br" local="130113131400000000" remote="130113131400000000" />
<file name="fb_ico.png" server="ftp.inscricoespvc2013.com.br" local="130113949200000000" remote="130113949200000000" />
<file name="footer.jpg" server="ftp.inscricoespvc2013.com.br" local="130113131400000000" remote="130113131400000000" />
<file name="glyphicons-halflings-white.png" server="ftp.inscricoespvc2013.com.br" local="130113131400000000" remote="130118232000000000" />
<file name="glyphicons-halflings.png" server="ftp.inscricoespvc2013.com.br" local="130113131400000000" remote="130113131400000000" />
<file name="logo-fb.jpg" server="ftp.inscricoespvc2013.com.br" local="130117374000000000" remote="130117374000000000" />
<file name="logofb.png" server="ftp.inscricoespvc2013.com.br" local="130117384200000000" remote="130117384200000000" />
<file name="patrocinio.jpg" server="ftp.inscricoespvc2013.com.br" local="130113131400000000" remote="130113131400000000" />
<file name="topo_03.jpg" server="ftp.inscricoespvc2013.com.br" local="130118136000000000" remote="130118136000000000" />
<file name="image001.png" server="ftp.inscricoespvc2013.com.br" local="130252196777656250" remote="130252198800000000" />
</dwsync>