<?xml version="1.0" encoding="utf-8" ?>
<dwsync>
<file name="DejaVuinfo.txt" server="ftp.inscricoespvc2013.com.br" local="129204413860000000" remote="130257211200000000" />
<file name="DejaVuSans-Bold.ttf" server="ftp.inscricoespvc2013.com.br" local="129204413620000000" remote="130257211800000000" />
<file name="DejaVuSans-BoldOblique.ttf" server="ftp.inscricoespvc2013.com.br" local="129204413640000000" remote="130257211800000000" />
<file name="DejaVuSans-Oblique.ttf" server="ftp.inscricoespvc2013.com.br" local="129204413620000000" remote="130257211800000000" />
<file name="DejaVuSans.ttf" server="ftp.inscricoespvc2013.com.br" local="129204413620000000" remote="130257211800000000" />
<file name="DejaVuSansCondensed-Bold.ttf" server="ftp.inscricoespvc2013.com.br" local="129204413620000000" remote="130257211800000000" />
<file name="DejaVuSansCondensed-BoldOblique.ttf" server="ftp.inscricoespvc2013.com.br" local="129204413600000000" remote="130257211800000000" />
<file name="DejaVuSansCondensed-Oblique.ttf" server="ftp.inscricoespvc2013.com.br" local="129204413640000000" remote="130257211800000000" />
<file name="DejaVuSansCondensed.ttf" server="ftp.inscricoespvc2013.com.br" local="129204413620000000" remote="130257211800000000" />
<file name="DejaVuSansMono-Bold.ttf" server="ftp.inscricoespvc2013.com.br" local="129204413640000000" remote="130257211800000000" />
<file name="DejaVuSansMono-BoldOblique.ttf" server="ftp.inscricoespvc2013.com.br" local="129204413640000000" remote="130257211800000000" />
<file name="DejaVuSansMono-Oblique.ttf" server="ftp.inscricoespvc2013.com.br" local="129204413620000000" remote="130257211800000000" />
<file name="DejaVuSansMono.ttf" server="ftp.inscricoespvc2013.com.br" local="129204413640000000" remote="130257211800000000" />
<file name="DejaVuSerif-Bold.ttf" server="ftp.inscricoespvc2013.com.br" local="129204413620000000" remote="130257211800000000" />
<file name="DejaVuSerif-BoldItalic.ttf" server="ftp.inscricoespvc2013.com.br" local="129204413640000000" remote="130257211800000000" />
<file name="DejaVuSerif-Italic.ttf" server="ftp.inscricoespvc2013.com.br" local="129204413640000000" remote="130257212400000000" />
<file name="DejaVuSerif.ttf" server="ftp.inscricoespvc2013.com.br" local="129204413640000000" remote="130257212400000000" />
<file name="DejaVuSerifCondensed-Bold.ttf" server="ftp.inscricoespvc2013.com.br" local="129204413620000000" remote="130257212400000000" />
<file name="DejaVuSerifCondensed-BoldItalic.ttf" server="ftp.inscricoespvc2013.com.br" local="129204413620000000" remote="130257212400000000" />
<file name="DejaVuSerifCondensed-Italic.ttf" server="ftp.inscricoespvc2013.com.br" local="129204413640000000" remote="130257212400000000" />
<file name="DejaVuSerifCondensed.ttf" server="ftp.inscricoespvc2013.com.br" local="129204413620000000" remote="130257212400000000" />
<file name="Garuda-Bold.ttf" server="ftp.inscricoespvc2013.com.br" local="128452044640000000" remote="130257212400000000" />
<file name="Garuda-BoldOblique.ttf" server="ftp.inscricoespvc2013.com.br" local="128452044640000000" remote="130257212400000000" />
<file name="Garuda-Oblique.ttf" server="ftp.inscricoespvc2013.com.br" local="128452044640000000" remote="130257212400000000" />
<file name="Garuda.ttf" server="ftp.inscricoespvc2013.com.br" local="128452044640000000" remote="130257212400000000" />
<file name="GNUFreeFontinfo.txt" server="ftp.inscricoespvc2013.com.br" local="129204416240000000" remote="130257212400000000" />
<file name="ind_bn_1_001.ttf" server="ftp.inscricoespvc2013.com.br" local="129529290060000000" remote="130257212400000000" />
<file name="ind_gu_1_001.ttf" server="ftp.inscricoespvc2013.com.br" local="129529290080000000" remote="130257212400000000" />
<file name="ind_hi_1_001.ttf" server="ftp.inscricoespvc2013.com.br" local="129529290080000000" remote="130257212400000000" />
<file name="ind_kn_1_001.ttf" server="ftp.inscricoespvc2013.com.br" local="129529290080000000" remote="130257212400000000" />
<file name="ind_ml_1_001.ttf" server="ftp.inscricoespvc2013.com.br" local="129529290080000000" remote="130257212400000000" />
<file name="ind_or_1_001.ttf" server="ftp.inscricoespvc2013.com.br" local="129529290080000000" remote="130257212400000000" />
<file name="ind_pa_1_001.ttf" server="ftp.inscricoespvc2013.com.br" local="129529290080000000" remote="130257212400000000" />
<file name="ind_ta_1_001.ttf" server="ftp.inscricoespvc2013.com.br" local="129529290080000000" remote="130257212400000000" />
<file name="ind_te_1_001.ttf" server="ftp.inscricoespvc2013.com.br" local="129529290080000000" remote="130257212400000000" />
<file name="Norasi-Bold.ttf" server="ftp.inscricoespvc2013.com.br" local="128452044640000000" remote="130257212400000000" />
<file name="Norasi-BoldOblique.ttf" server="ftp.inscricoespvc2013.com.br" local="128452044640000000" remote="130257212400000000" />
<file name="Norasi-Oblique.ttf" server="ftp.inscricoespvc2013.com.br" local="128452044640000000" remote="130257212400000000" />
<file name="Norasi.ttf" server="ftp.inscricoespvc2013.com.br" local="128929979500000000" remote="130257212400000000" />
<file name="ocrb10.ttf" server="ftp.inscricoespvc2013.com.br" local="129204406380000000" remote="130257212400000000" />
<file name="ocrbinfo.txt" server="ftp.inscricoespvc2013.com.br" local="129204408520000000" remote="130257212400000000" />
<file name="Thai Fonts License.txt" server="ftp.inscricoespvc2013.com.br" local="127950022260000000" remote="130257212400000000" />
<file name="XB Riyaz.ttf" server="ftp.inscricoespvc2013.com.br" local="128650410440000000" remote="130257212400000000" />
<file name="XB RiyazBd.ttf" server="ftp.inscricoespvc2013.com.br" local="128650410580000000" remote="130257213000000000" />
<file name="XB RiyazBdIt.ttf" server="ftp.inscricoespvc2013.com.br" local="128650410680000000" remote="130257213000000000" />
<file name="XB RiyazIt.ttf" server="ftp.inscricoespvc2013.com.br" local="128650410800000000" remote="130257213000000000" />
<file name="XB Zar Bd.ttf" server="ftp.inscricoespvc2013.com.br" local="128846782620000000" remote="130257213600000000" />
<file name="XB Zar BdIt.ttf" server="ftp.inscricoespvc2013.com.br" local="128846782500000000" remote="130257213600000000" />
<file name="XB Zar It.ttf" server="ftp.inscricoespvc2013.com.br" local="128846783020000000" remote="130257213600000000" />
<file name="XB Zar.ttf" server="ftp.inscricoespvc2013.com.br" local="128846782780000000" remote="130257213600000000" />
<file name="XW Zar Font Info.txt" server="ftp.inscricoespvc2013.com.br" local="128670220020000000" remote="130257213600000000" />
</dwsync>