<?xml version="1.0" encoding="utf-8" ?>
<dwsync>
<file name="ccourier.php" server="ftp.inscricoespvc2013.com.br" local="129035990460000000" remote="130257211200000000" />
<file name="ccourierb.php" server="ftp.inscricoespvc2013.com.br" local="129035990760000000" remote="130257211200000000" />
<file name="ccourierbi.php" server="ftp.inscricoespvc2013.com.br" local="129035990880000000" remote="130257211200000000" />
<file name="ccourieri.php" server="ftp.inscricoespvc2013.com.br" local="129035990620000000" remote="130257211200000000" />
<file name="chelvetica.php" server="ftp.inscricoespvc2013.com.br" local="129424712660000000" remote="130257211200000000" />
<file name="chelveticab.php" server="ftp.inscricoespvc2013.com.br" local="129424713920000000" remote="130257211200000000" />
<file name="chelveticabi.php" server="ftp.inscricoespvc2013.com.br" local="129424714200000000" remote="130257211200000000" />
<file name="chelveticai.php" server="ftp.inscricoespvc2013.com.br" local="129424714460000000" remote="130257211200000000" />
<file name="csymbol.php" server="ftp.inscricoespvc2013.com.br" local="129035993460000000" remote="130257211200000000" />
<file name="ctimes.php" server="ftp.inscricoespvc2013.com.br" local="129424714780000000" remote="130257211200000000" />
<file name="ctimesb.php" server="ftp.inscricoespvc2013.com.br" local="129424715040000000" remote="130257211200000000" />
<file name="ctimesbi.php" server="ftp.inscricoespvc2013.com.br" local="129424715300000000" remote="130257211200000000" />
<file name="ctimesi.php" server="ftp.inscricoespvc2013.com.br" local="129424715580000000" remote="130257211200000000" />
<file name="czapfdingbats.php" server="ftp.inscricoespvc2013.com.br" local="129035993880000000" remote="130257211200000000" />
</dwsync>