<?xml version="1.0" encoding="utf-8" ?>
<dwsync>
<file name=".DS_Store" server="ftp.inscricoespvc2013.com.br" local="130113133200000000" remote="130113133200000000" />
<file name="._.DS_Store" server="ftp.inscricoespvc2013.com.br" local="130113133200000000" remote="130113133200000000" />
<file name="._bg-body.jpg" server="ftp.inscricoespvc2013.com.br" local="130113133200000000" remote="130113133200000000" />
<file name="._bg-dados.jpg" server="ftp.inscricoespvc2013.com.br" local="130113133200000000" remote="130113133200000000" />
<file name="._bg-topo.jpg" server="ftp.inscricoespvc2013.com.br" local="130113133200000000" remote="130113133200000000" />
<file name="._glyphicons-halflings-white.png" server="ftp.inscricoespvc2013.com.br" local="130113133200000000" remote="130113133200000000" />
<file name="bg-body.jpg" server="ftp.inscricoespvc2013.com.br" local="130114062600000000" remote="130114062600000000" />
<file name="bg-dados.jpg" server="ftp.inscricoespvc2013.com.br" local="130113133200000000" remote="130113133200000000" />
<file name="bg-topo.jpg" server="ftp.inscricoespvc2013.com.br" local="130114062600000000" remote="130114062600000000" />
<file name="glyphicons-halflings-green.png" server="ftp.inscricoespvc2013.com.br" local="130113133200000000" remote="130113133200000000" />
<file name="glyphicons-halflings-white.png" server="ftp.inscricoespvc2013.com.br" local="130113133200000000" remote="130113133200000000" />
<file name="glyphicons-halflings.png" server="ftp.inscricoespvc2013.com.br" local="130113133200000000" remote="130113133200000000" />
</dwsync>