<?xml version="1.0" encoding="utf-8" ?>
<dwsync>
<file name="alpha.gif" server="ftp.inscricoespvc2013.com.br" local="128873451960000000" remote="130257210600000000" />
<file name="alpha.png" server="ftp.inscricoespvc2013.com.br" local="128864829220000000" remote="130257210600000000" />
<file name="alpha3.png" server="ftp.inscricoespvc2013.com.br" local="129051903960000000" remote="130257210600000000" />
<file name="bayeux1.jpg" server="ftp.inscricoespvc2013.com.br" local="129378803100000000" remote="130257210600000000" />
<file name="bg.jpg" server="ftp.inscricoespvc2013.com.br" local="128863503460000000" remote="130257210600000000" />
<file name="bgbarcode.png" server="ftp.inscricoespvc2013.com.br" local="129040666740000000" remote="130257210600000000" />
<file name="bgrock.jpg" server="ftp.inscricoespvc2013.com.br" local="128910674700000000" remote="130257210600000000" />
<file name="borders2FF.jpg" server="ftp.inscricoespvc2013.com.br" local="128713154760000000" remote="130257210600000000" />
<file name="borders2IE.jpg" server="ftp.inscricoespvc2013.com.br" local="128713155400000000" remote="130257210600000000" />
<file name="borders3FF.jpg" server="ftp.inscricoespvc2013.com.br" local="128718891400000000" remote="130257210600000000" />
<file name="borders3IE.jpg" server="ftp.inscricoespvc2013.com.br" local="128718891780000000" remote="130257210600000000" />
<file name="borders4FF.jpg" server="ftp.inscricoespvc2013.com.br" local="128719368240000000" remote="130257210600000000" />
<file name="borders4IE.jpg" server="ftp.inscricoespvc2013.com.br" local="128719368920000000" remote="130257210600000000" />
<file name="bordersFF.jpg" server="ftp.inscricoespvc2013.com.br" local="128712725000000000" remote="130257210600000000" />
<file name="bordersIE.jpg" server="ftp.inscricoespvc2013.com.br" local="128712724780000000" remote="130257210600000000" />
<file name="bordersMPDF2.jpg" server="ftp.inscricoespvc2013.com.br" local="128942596900000000" remote="130257210600000000" />
<file name="clematis.jpg" server="ftp.inscricoespvc2013.com.br" local="129267482480000000" remote="130257210600000000" />
<file name="example01_basic.php" server="ftp.inscricoespvc2013.com.br" local="130019004880000000" remote="130257210600000000" />
<file name="example02_CSS_styles.php" server="ftp.inscricoespvc2013.com.br" local="130183298220000000" remote="130257210600000000" />
<file name="example03_backgrounds_and_borders.php" server="ftp.inscricoespvc2013.com.br" local="130183298140000000" remote="130257210600000000" />
<file name="example04_images.php" server="ftp.inscricoespvc2013.com.br" local="129683886740000000" remote="130257210600000000" />
<file name="example05_tables.php" server="ftp.inscricoespvc2013.com.br" local="129741852840000000" remote="130257210600000000" />
<file name="example06_tables_nested.php" server="ftp.inscricoespvc2013.com.br" local="129423010540000000" remote="130257210600000000" />
<file name="example07_tables_borders.php" server="ftp.inscricoespvc2013.com.br" local="129292478380000000" remote="130257210600000000" />
<file name="example08_lists.php" server="ftp.inscricoespvc2013.com.br" local="130183300340000000" remote="130257210600000000" />
<file name="example09_forms.php" server="ftp.inscricoespvc2013.com.br" local="130183300760000000" remote="130257210600000000" />
<file name="example10_floating_and_fixed_position_elements.php" server="ftp.inscricoespvc2013.com.br" local="130183301180000000" remote="130257210600000000" />
<file name="example11_overflow_auto.php" server="ftp.inscricoespvc2013.com.br" local="130183301420000000" remote="130257210600000000" />
<file name="example12_paging_html.php" server="ftp.inscricoespvc2013.com.br" local="129219973520000000" remote="130257210600000000" />
<file name="example13_paging_css.php" server="ftp.inscricoespvc2013.com.br" local="130183302200000000" remote="130257210600000000" />
<file name="example14_page_numbers_ToC_Index_Bookmarks.php" server="ftp.inscricoespvc2013.com.br" local="130183303000000000" remote="130257210600000000" />
<file name="example15_headers_method_1.php" server="ftp.inscricoespvc2013.com.br" local="129660514880000000" remote="130257210600000000" />
<file name="example16_headers_method_2.php" server="ftp.inscricoespvc2013.com.br" local="130183303340000000" remote="130257210600000000" />
<file name="example17_headers_method_3.php" server="ftp.inscricoespvc2013.com.br" local="130183303620000000" remote="130257210600000000" />
<file name="example18_headers_method_4.php" server="ftp.inscricoespvc2013.com.br" local="130183303740000000" remote="130257210600000000" />
<file name="example19_page_sizes.php" server="ftp.inscricoespvc2013.com.br" local="129219975160000000" remote="130257210600000000" />
<file name="example20_justify.php" server="ftp.inscricoespvc2013.com.br" local="130051088440000000" remote="130257210600000000" />
<file name="example21_hyphenation.php" server="ftp.inscricoespvc2013.com.br" local="130038198820000000" remote="130257210600000000" />
<file name="example22_columns.php" server="ftp.inscricoespvc2013.com.br" local="130183304720000000" remote="130257210600000000" />
<file name="example23_orientation.php" server="ftp.inscricoespvc2013.com.br" local="129219976040000000" remote="130257210600000000" />
<file name="example24_orientation_2.php" server="ftp.inscricoespvc2013.com.br" local="129219976180000000" remote="130257210600000000" />
<file name="example26_RTL.php" server="ftp.inscricoespvc2013.com.br" local="130183306220000000" remote="130257210600000000" />
<file name="example27_CJK_using_Adobe_fonts.php" server="ftp.inscricoespvc2013.com.br" local="129288026060000000" remote="130257210600000000" />
<file name="example28_CJK_using_embedded_fonts.php" server="ftp.inscricoespvc2013.com.br" local="129288022120000000" remote="130257210600000000" />
<file name="example29_multilingual_autofont.php" server="ftp.inscricoespvc2013.com.br" local="129433377260000000" remote="130257210600000000" />
<file name="example30_arabic.php" server="ftp.inscricoespvc2013.com.br" local="129748659440000000" remote="130257210600000000" />
<file name="example32_indic.php" server="ftp.inscricoespvc2013.com.br" local="129529227180000000" remote="130257210600000000" />
<file name="example35_watermarks.php" server="ftp.inscricoespvc2013.com.br" local="129240563340000000" remote="130257210600000000" />
<file name="example36_annotations_and_Attached_files.php" server="ftp.inscricoespvc2013.com.br" local="129402308320000000" remote="130257210600000000" />
<file name="example37_barcodes.php" server="ftp.inscricoespvc2013.com.br" local="129734918100000000" remote="130257210600000000" />
<file name="example38_dot_tab.php" server="ftp.inscricoespvc2013.com.br" local="130049018100000000" remote="130257210600000000" />
<file name="example39_PDFA_compliance.php" server="ftp.inscricoespvc2013.com.br" local="129619089640000000" remote="130257210600000000" />
<file name="example40_MPDFI_thumbnails.php" server="ftp.inscricoespvc2013.com.br" local="129093405060000000" remote="130257210600000000" />
<file name="example41_MPDFI_template.php" server="ftp.inscricoespvc2013.com.br" local="130034535800000000" remote="130257210600000000" />
<file name="example42_MPDFI_templatedoc.php" server="ftp.inscricoespvc2013.com.br" local="129108531260000000" remote="130257210600000000" />
<file name="example43_MPDFI_booklet.php" server="ftp.inscricoespvc2013.com.br" local="129219981440000000" remote="130257210600000000" />
<file name="example44_MPDFI_yearbook.php" server="ftp.inscricoespvc2013.com.br" local="129093405980000000" remote="130257210600000000" />
<file name="example46_progress_bars_simple.php" server="ftp.inscricoespvc2013.com.br" local="129689083960000000" remote="130257210600000000" />
<file name="example47_progress_bars_simple_custom.php" server="ftp.inscricoespvc2013.com.br" local="129294631960000000" remote="130257210600000000" />
<file name="example48_progress_bars_advanced.php" server="ftp.inscricoespvc2013.com.br" local="129294632460000000" remote="130257210600000000" />
<file name="example49_changelog.php" server="ftp.inscricoespvc2013.com.br" local="129724478460000000" remote="130257210600000000" />
<file name="example50_new_mPDF_3_features.php" server="ftp.inscricoespvc2013.com.br" local="129721049600000000" remote="130257210600000000" />
<file name="example51_new_mPDF_4_features.php" server="ftp.inscricoespvc2013.com.br" local="129219984740000000" remote="130257210600000000" />
<file name="example52_lineheight.htm" server="ftp.inscricoespvc2013.com.br" local="129090763700000000" remote="130257210600000000" />
<file name="example52_new_mPDF_4-2_features.php" server="ftp.inscricoespvc2013.com.br" local="129628623520000000" remote="130257210600000000" />
<file name="example53_new_mPDF_v5-0_fonts.php" server="ftp.inscricoespvc2013.com.br" local="130183314220000000" remote="130257210600000000" />
<file name="example54_new_mPDF_v5-1_features_gradients_and_images.php" server="ftp.inscricoespvc2013.com.br" local="129729595120000000" remote="130257210600000000" />
<file name="example55_new_mPDF_v5-1_color_and_other_features.php" server="ftp.inscricoespvc2013.com.br" local="130035109320000000" remote="130257210600000000" />
<file name="example56_new_mPDF_v5-1_features_grayscale.php" server="ftp.inscricoespvc2013.com.br" local="129435933500000000" remote="130257210600000000" />
<file name="example57_new_mPDF_v5-3_active_forms.php" server="ftp.inscricoespvc2013.com.br" local="129547858960000000" remote="130257210600000000" />
<file name="example57_new_mPDF_v5-3_active_forms_b.php" server="ftp.inscricoespvc2013.com.br" local="130035196000000000" remote="130257210600000000" />
<file name="example58_new_mPDF_v5-4_features.php" server="ftp.inscricoespvc2013.com.br" local="130018709840000000" remote="130257210600000000" />
<file name="example59_new_mPDF_v5-6_features.php" server="ftp.inscricoespvc2013.com.br" local="130033906620000000" remote="130257210600000000" />
<file name="example60_new_mPDF_v5-7_features.php" server="ftp.inscricoespvc2013.com.br" local="130182193340000000" remote="130257210600000000" />
<file name="firefox-48.png" server="ftp.inscricoespvc2013.com.br" local="129380598740000000" remote="130257210600000000" />
<file name="flowers-pattern.jpg" server="ftp.inscricoespvc2013.com.br" local="129380598840000000" remote="130257210600000000" />
<file name="formsubmit.php" server="ftp.inscricoespvc2013.com.br" local="130099492720000000" remote="130257210600000000" />
<file name="goto.gif" server="ftp.inscricoespvc2013.com.br" local="126859566600000000" remote="130257210600000000" />
<file name="img1.png" server="ftp.inscricoespvc2013.com.br" local="129073092420000000" remote="130257210600000000" />
<file name="img2.png" server="ftp.inscricoespvc2013.com.br" local="129073092880000000" remote="130257210600000000" />
<file name="img3.png" server="ftp.inscricoespvc2013.com.br" local="129073093320000000" remote="130257210600000000" />
<file name="img4.png" server="ftp.inscricoespvc2013.com.br" local="129073093820000000" remote="130257210600000000" />
<file name="img5.png" server="ftp.inscricoespvc2013.com.br" local="129073102460000000" remote="130257210600000000" />
<file name="index.php" server="ftp.inscricoespvc2013.com.br" local="129263147220000000" remote="130257210600000000" />
<file name="klematis.jpg" server="ftp.inscricoespvc2013.com.br" local="128808725940000000" remote="130257210600000000" />
<file name="loading.gif" server="ftp.inscricoespvc2013.com.br" local="128247018580000000" remote="130257210600000000" />
<file name="mpdfstyleA4.css" server="ftp.inscricoespvc2013.com.br" local="130046873340000000" remote="130257210600000000" />
<file name="mpdfstylePaged.css" server="ftp.inscricoespvc2013.com.br" local="129516309820000000" remote="130257210600000000" />
<file name="mpdfstyletables.css" server="ftp.inscricoespvc2013.com.br" local="129302023960000000" remote="130257210600000000" />
<file name="quran282.jpg" server="ftp.inscricoespvc2013.com.br" local="128991711680000000" remote="130257210600000000" />
<file name="sample_basic.pdf" server="ftp.inscricoespvc2013.com.br" local="128993501200000000" remote="130257210600000000" />
<file name="sample_logoheader2.pdf" server="ftp.inscricoespvc2013.com.br" local="128833624260000000" remote="130257210600000000" />
<file name="sample_orientation2.pdf" server="ftp.inscricoespvc2013.com.br" local="128818190440000000" remote="130257210600000000" />
<file name="sample_orientation3.pdf" server="ftp.inscricoespvc2013.com.br" local="128818197360000000" remote="130257210600000000" />
<file name="show_code.php" server="ftp.inscricoespvc2013.com.br" local="129700159600000000" remote="130257210600000000" />
<file name="sunset.jpg" server="ftp.inscricoespvc2013.com.br" local="128230610260000000" remote="130257210600000000" />
<file name="sunsetv.jpg" server="ftp.inscricoespvc2013.com.br" local="129069505440000000" remote="130257210600000000" />
<file name="test.pdf" server="ftp.inscricoespvc2013.com.br" local="129432946940000000" remote="130257210600000000" />
<file name="tiger" server="ftp.inscricoespvc2013.com.br" local="129267481460000000" remote="130257210600000000" />
<file name="tiger.bmp" server="ftp.inscricoespvc2013.com.br" local="129267479940000000" remote="130257210600000000" />
<file name="tiger.gif" server="ftp.inscricoespvc2013.com.br" local="129048807940000000" remote="130257210600000000" />
<file name="tiger.jpg" server="ftp.inscricoespvc2013.com.br" local="128787069700000000" remote="130257210600000000" />
<file name="tiger.php" server="ftp.inscricoespvc2013.com.br" local="129135182100000000" remote="130257210600000000" />
<file name="tiger.png" server="ftp.inscricoespvc2013.com.br" local="129267481460000000" remote="130257210600000000" />
<file name="tiger.svg" server="ftp.inscricoespvc2013.com.br" local="129135202240000000" remote="130257210600000000" />
<file name="tiger.wmf" server="ftp.inscricoespvc2013.com.br" local="128787075520000000" remote="130257210600000000" />
<file name="tiger2.png" server="ftp.inscricoespvc2013.com.br" local="129388362700000000" remote="130257210600000000" />
<file name="tiger2.wmf" server="ftp.inscricoespvc2013.com.br" local="129134209800000000" remote="130257210600000000" />
<file name="tiger24trns.png" server="ftp.inscricoespvc2013.com.br" local="129052883260000000" remote="130257210600000000" />
<file name="tiger300px300dpi.jpg" server="ftp.inscricoespvc2013.com.br" local="129385675440000000" remote="130257210600000000" />
<file name="tiger300px300dpi.png" server="ftp.inscricoespvc2013.com.br" local="129388427820000000" remote="130257210600000000" />
<file name="tiger300px72dpi.jpg" server="ftp.inscricoespvc2013.com.br" local="129385675020000000" remote="130257210600000000" />
<file name="tiger300px96dpi.jpg" server="ftp.inscricoespvc2013.com.br" local="129385675260000000" remote="130257210600000000" />
<file name="tiger300px96dpi.png" server="ftp.inscricoespvc2013.com.br" local="129388427600000000" remote="130257210600000000" />
<file name="tiger8trns.gif" server="ftp.inscricoespvc2013.com.br" local="129052884200000000" remote="130257211200000000" />
<file name="tiger8trns.png" server="ftp.inscricoespvc2013.com.br" local="129052874040000000" remote="130257211200000000" />
<file name="tigercmyk.jpg" server="ftp.inscricoespvc2013.com.br" local="129267481000000000" remote="130257211200000000" />
<file name="tux.svg" server="ftp.inscricoespvc2013.com.br" local="129393289080000000" remote="130257211200000000" />
<file name="windmill.jpg" server="ftp.inscricoespvc2013.com.br" local="129379825240000000" remote="130257211200000000" />
</dwsync>