<?xml version="1.0" encoding="utf-8" ?>
<dwsync>
<file name="mpdf.php" server="ftp.inscricoespvc2013.com.br" local="130182198100000000" remote="130257210600000000" />
<file name="CHANGELOG.txt" server="ftp.inscricoespvc2013.com.br" local="130183315180000000" remote="130257210000000000" />
<file name="compress.php" server="ftp.inscricoespvc2013.com.br" local="129701264220000000" remote="130257210000000000" />
<file name="config.php" server="ftp.inscricoespvc2013.com.br" local="130183316200000000" remote="130257210600000000" />
<file name="config_cp.php" server="ftp.inscricoespvc2013.com.br" local="129435894920000000" remote="130257210600000000" />
<file name="config_fonts.php" server="ftp.inscricoespvc2013.com.br" local="130031946140000000" remote="130257210600000000" />
<file name="CREDITS.txt" server="ftp.inscricoespvc2013.com.br" local="129241526840000000" remote="130257210600000000" />
<file name="FONT INFO.txt" server="ftp.inscricoespvc2013.com.br" local="129529897900000000" remote="130257211200000000" />
<file name="graph.php" server="ftp.inscricoespvc2013.com.br" local="129221449340000000" remote="130257211200000000" />
<file name="LICENSE.txt" server="ftp.inscricoespvc2013.com.br" local="128303118160000000" remote="130257211200000000" />
<file name="mpdf.css" server="ftp.inscricoespvc2013.com.br" local="129088376900000000" remote="130257211200000000" />
<file name="progbar.css" server="ftp.inscricoespvc2013.com.br" local="129294067060000000" remote="130257211200000000" />
<file name="README.txt" server="ftp.inscricoespvc2013.com.br" local="129549939420000000" remote="130257211200000000" />
</dwsync>