<?xml version="1.0" encoding="utf-8" ?>
<dwsync>
<file name="barcode.php" server="ftp.inscricoespvc2013.com.br" local="129723491520000000" remote="130257210000000000" />
<file name="bmp.php" server="ftp.inscricoespvc2013.com.br" local="129708135100000000" remote="130257210000000000" />
<file name="cssmgr.php" server="ftp.inscricoespvc2013.com.br" local="130061521420000000" remote="130257210000000000" />
<file name="directw.php" server="ftp.inscricoespvc2013.com.br" local="130031812100000000" remote="130257210000000000" />
<file name="form.php" server="ftp.inscricoespvc2013.com.br" local="129726275780000000" remote="130257210000000000" />
<file name="gif.php" server="ftp.inscricoespvc2013.com.br" local="129286349920000000" remote="130257210000000000" />
<file name="grad.php" server="ftp.inscricoespvc2013.com.br" local="129737084620000000" remote="130257210000000000" />
<file name="indic.php" server="ftp.inscricoespvc2013.com.br" local="129696943740000000" remote="130257210000000000" />
<file name="meter.php" server="ftp.inscricoespvc2013.com.br" local="130021729280000000" remote="130257210000000000" />
<file name="svg.php" server="ftp.inscricoespvc2013.com.br" local="130102907640000000" remote="130257210000000000" />
<file name="tocontents.php" server="ftp.inscricoespvc2013.com.br" local="130172845700000000" remote="130257210000000000" />
<file name="ttfontsuni.php" server="ftp.inscricoespvc2013.com.br" local="129752755960000000" remote="130257210000000000" />
<file name="ttfontsuni_analysis.php" server="ftp.inscricoespvc2013.com.br" local="129747910620000000" remote="130257210000000000" />
<file name="wmf.php" server="ftp.inscricoespvc2013.com.br" local="129717364800000000" remote="130257210000000000" />
</dwsync>