<?xml version="1.0" encoding="utf-8" ?>
<dwsync>
<file name="___facadeDadosTrabalho.php_" server="ftp.inscricoespvc2013.com.br" local="130113131400000000" remote="130113131400000000" />
<file name="_facadeDadosTrabalho.php" server="ftp.inscricoespvc2013.com.br" local="130113131400000000" remote="130113131400000000" />
<file name="facadeAtualizacao.php" server="ftp.inscricoespvc2013.com.br" local="130113131400000000" remote="130113131400000000" />
<file name="facadeDadosAcademicos.php" server="ftp.inscricoespvc2013.com.br" local="130113131400000000" remote="130132027800000000" />
<file name="facadeDadosCadastrais.php" server="ftp.inscricoespvc2013.com.br" local="130113131400000000" remote="130113131400000000" />
<file name="facadeDadosGestor.php" server="ftp.inscricoespvc2013.com.br" local="130113131400000000" remote="130113131400000000" />
<file name="facadeDadosProfessor.php" server="ftp.inscricoespvc2013.com.br" local="130113131400000000" remote="130113131400000000" />
<file name="facadeDadosProfissionais.php" server="ftp.inscricoespvc2013.com.br" local="130113131400000000" remote="130113131400000000" />
<file name="facadeDadosTrabalho.php" server="ftp.inscricoespvc2013.com.br" local="130120791089843750" remote="130120795200000000" />
<file name="facadeInscrito.php" server="ftp.inscricoespvc2013.com.br" local="130252162903125000" remote="130252867200000000" />
<file name="facadeStatus.php" server="ftp.inscricoespvc2013.com.br" local="130113131400000000" remote="130113131400000000" />
<file name="facadeUsuario.php" server="ftp.inscricoespvc2013.com.br" local="130113131400000000" remote="130113131400000000" />
</dwsync>