<?xml version="1.0" encoding="utf-8" ?>
<dwsync>
<file name=".DS_Store" server="ftp.inscricoespvc2013.com.br" local="130244555840000000" remote="130252182000000000" />
<file name="bg-normal.png" server="ftp.inscricoespvc2013.com.br" local="130241795940000000" remote="130252182000000000" />
<file name="bg-vencedor.png" server="ftp.inscricoespvc2013.com.br" local="130244405000000000" remote="130252182000000000" />
<file name="footer.png" server="ftp.inscricoespvc2013.com.br" local="130257343260000000" remote="130257351600000000" />
<file name="logo.png" server="ftp.inscricoespvc2013.com.br" local="130257336660000000" remote="130257351600000000" />
<file name="molde.png" server="ftp.inscricoespvc2013.com.br" local="130244581180000000" remote="130252182000000000" />
<file name="molde.psd" server="ftp.inscricoespvc2013.com.br" local="130241854160000000" remote="130252182000000000" />
<file name="molde2.png" server="ftp.inscricoespvc2013.com.br" local="130244350420000000" remote="130252182000000000" />
<file name="_footer.png" server="ftp.inscricoespvc2013.com.br" local="130257326020000000" remote="130257352200000000" />
<file name="_logo.png" server="ftp.inscricoespvc2013.com.br" local="130257325940000000" remote="130257352200000000" />
</dwsync>