<?xml version="1.0" encoding="utf-8" ?>
<dwsync>
<file name="CJKdata.php" server="ftp.inscricoespvc2013.com.br" local="128856968480000000" remote="130257211200000000" />
<file name="functions.php" server="ftp.inscricoespvc2013.com.br" local="130044071400000000" remote="130257211200000000" />
<file name="ind_bn_1_001.volt.php" server="ftp.inscricoespvc2013.com.br" local="129399573600000000" remote="130257211200000000" />
<file name="ind_gu_1_001.volt.php" server="ftp.inscricoespvc2013.com.br" local="129010895580000000" remote="130257211200000000" />
<file name="ind_hi_1_001.volt.php" server="ftp.inscricoespvc2013.com.br" local="129010895640000000" remote="130257211200000000" />
<file name="ind_kn_1_001.volt.php" server="ftp.inscricoespvc2013.com.br" local="129010895720000000" remote="130257211200000000" />
<file name="ind_ml_1_001.volt.php" server="ftp.inscricoespvc2013.com.br" local="129010895800000000" remote="130257211200000000" />
<file name="ind_or_1_001.volt.php" server="ftp.inscricoespvc2013.com.br" local="129010895860000000" remote="130257211200000000" />
<file name="ind_pa_1_001.volt.php" server="ftp.inscricoespvc2013.com.br" local="129010895940000000" remote="130257211200000000" />
<file name="ind_ta_1_001.volt.php" server="ftp.inscricoespvc2013.com.br" local="129069667820000000" remote="130257211200000000" />
<file name="ind_te_1_001.volt.php" server="ftp.inscricoespvc2013.com.br" local="129010896080000000" remote="130257211200000000" />
<file name="no_image.jpg" server="ftp.inscricoespvc2013.com.br" local="129048853760000000" remote="130257211200000000" />
<file name="out.php" server="ftp.inscricoespvc2013.com.br" local="130099500000000000" remote="130257211200000000" />
<file name="subs_core.php" server="ftp.inscricoespvc2013.com.br" local="129070448980000000" remote="130257211200000000" />
<file name="subs_win-1252.php" server="ftp.inscricoespvc2013.com.br" local="129257082560000000" remote="130257211200000000" />
<file name="upperCase.php" server="ftp.inscricoespvc2013.com.br" local="129298368480000000" remote="130257211200000000" />
</dwsync>