<?xml version="1.0" encoding="utf-8" ?>
<dwsync>
<file name=".DS_Store" server="ftp.inscricoespvc2013.com.br" local="130113133200000000" remote="130113133200000000" />
<file name="._.DS_Store" server="ftp.inscricoespvc2013.com.br" local="130113133200000000" remote="130113133200000000" />
<file name="._bootstrap-responsive.css" server="ftp.inscricoespvc2013.com.br" local="130113133200000000" remote="130113133200000000" />
<file name="._bootstrap.css" server="ftp.inscricoespvc2013.com.br" local="130113133200000000" remote="130113133200000000" />
<file name="._bootstrap.min.css" server="ftp.inscricoespvc2013.com.br" local="130113133200000000" remote="130113133200000000" />
<file name="._simpletabs.css" server="ftp.inscricoespvc2013.com.br" local="130113133200000000" remote="130113133200000000" />
<file name="bootstrap-responsive.css" server="ftp.inscricoespvc2013.com.br" local="130113133200000000" remote="130113133200000000" />
<file name="bootstrap-responsive.min.css" server="ftp.inscricoespvc2013.com.br" local="130113133200000000" remote="130113133200000000" />
<file name="bootstrap.css" server="ftp.inscricoespvc2013.com.br" local="130114065000000000" remote="130114065000000000" />
<file name="bootstrap.min.css" server="ftp.inscricoespvc2013.com.br" local="130252122619062500" remote="130252122600000000" />
<file name="simpletabs.css" server="ftp.inscricoespvc2013.com.br" local="130113133200000000" remote="130113133200000000" />
</dwsync>